{"cameraMode":{"drawMode":0,"name":"Shaded","section":"Shading Mode"},"sceneLighting":true,"audioPlay":false,"sceneViewState":{"m_AlwaysRefresh":false,"showFog":true,"showSkybox":true,"showFlares":true,"showImageEffects":true,"showParticleSystems":true,"showVisualEffectGraphs":true,"m_FxEnabled":true},"in2DMode":false,"pivot":{"x":704.7945556640625,"y":302.4255065917969,"z":-184.11537170410157},"rotation":{"x":0.022169556468725206,"y":-0.050056710839271548,"z":-0.0011160988360643387,"w":-0.9985048770904541},"size":216.3865509033203,"orthographic":false}