{"cameraMode":{"drawMode":0,"name":"Shaded","section":"Shading Mode"},"sceneLighting":true,"audioPlay":false,"sceneViewState":{"m_AlwaysRefresh":false,"showFog":true,"showSkybox":true,"showFlares":true,"showImageEffects":true,"showParticleSystems":true,"showVisualEffectGraphs":true,"m_FxEnabled":true},"in2DMode":false,"pivot":{"x":727.0637817382813,"y":383.6297912597656,"z":34.21839904785156},"rotation":{"x":-0.004200560040771961,"y":-0.0053894356824457649,"z":0.000020060164388269186,"w":-0.9999803304672241},"size":395.04364013671877,"orthographic":false}