{"cameraMode":{"drawMode":0,"name":"Shaded","section":"Shading Mode"},"sceneLighting":true,"audioPlay":false,"sceneViewState":{"m_AlwaysRefresh":false,"showFog":true,"showSkybox":true,"showFlares":true,"showImageEffects":true,"showParticleSystems":true,"showVisualEffectGraphs":true,"m_FxEnabled":true},"in2DMode":false,"pivot":{"x":551.7926025390625,"y":226.97369384765626,"z":-22.34722900390625},"rotation":{"x":-0.04003555327653885,"y":0.08742799609899521,"z":-0.0035191383212804796,"w":-0.9953632354736328},"size":594.9557495117188,"orthographic":false}